0,brajesh
1,brajesh
2,brajesh
3,brajesh
4,brajesh
5,brajesh
6,nisha
7,nisha
8,nisha
9,nisha
10,nisha
11,nisha
12,babita
13,babita
14,babita
15,babita
16,babita
17,babita
18,amit_rv
19,amit_rv
20,amit_rv
21,amit_rv
22,amit_rv
23,amit_rv
24,ankit_a
25,ankit_a
26,ankit_a
27,ankit_a
28,ankit_a
29,ankit_a
30,abhipsa
31,abhipsa
32,abhipsa
33,abhipsa
34,abhipsa
35,abhipsa
36,ashita
37,ashita
38,ashita
39,ashita
40,ashita
41,ashita
42,eashan
43,eashan
44,eashan
45,eashan
46,eashan
47,eashan
48,abhi
49,abhi
50,abhi
51,abhi
52,abhi
53,abhi
54,abhayTest
55,abhayTest
56,abhayTest
57,abhayTest
58,abhayTest
59,abhayTest
60,abhinav
61,abhinav
62,abhinav
63,abhinav
64,abhinav
65,abhinav
66,hari
67,hari
68,hari
69,hari
70,hari
71,hari
